-1.400884	3.896151
1.199097	2.328566
1.198233	2.329826
-0.709282	-0.821291
1.179623	2.341068
-4.760646	-6.768858
-1.022190	-2.273038
-5.096768	-6.502387
-4.981392	-6.757554
-4.979005	-6.767934
-4.961181	-6.757881
-5.023225	-6.737995
-4.983536	-6.790497
-4.953088	-6.835030
-5.020471	-5.561554
-4.968160	-5.541670
-1.985671	-5.931788
-2.047786	-5.978393
-1.969028	-5.919970
-1.975315	-5.902702
-1.959912	-5.831307
-6.547775	-7.012261
-6.518634	-6.996473
-3.314406	12.852488
-3.334586	12.837919
-3.316676	12.852716
-3.316430	12.852463
-3.329646	12.853388
-3.314468	12.856915
-1.348553	0.121072
-3.249993	12.941709
-3.237477	12.958912
-3.228052	12.967617
-3.221400	12.973230
-3.220181	12.945991
-3.212325	12.984038
-3.211591	12.985799
-3.228287	12.976303
-1.907668	-5.878295
-2.178130	-0.292401
-3.070569	13.439199
-3.059538	13.452843
0.298675	5.846007
-4.970574	-5.556421
3.936935	2.353921
4.258305	2.088911
-4.792493	-5.429812
-1.341583	3.466493
-3.308265	2.548596
-1.411810	0.252079
-1.403480	0.218804
-1.385775	3.516067
-3.064199	13.446317
-1.425265	3.465147
-1.389520	3.427218
4.216958	-0.640604
-3.072490	13.436704
-1.335966	3.533489
0.385567	5.925206
-1.384737	3.864991
15.800027	1.864285
15.792628	1.872971
15.845318	1.815907
15.825322	1.835896
15.816917	1.846628
15.820410	1.842198
15.793131	1.872814
15.817401	1.843728
15.807844	1.853498
4.171875	-0.646690
2.416965	4.449973
-6.592001	-7.051357
-6.500987	-6.988309
-4.228782	-6.200581
-4.286906	-6.199762
-6.575752	-7.043201
-4.532839	-6.402774
-4.251714	-6.175861
-4.324219	-6.302353
-4.388284	-6.269345
-4.212827	-6.222624
-4.300272	-6.287285
-4.270037	-6.234791
-4.534795	-6.451861
1.974347	-1.776538
-4.489744	-6.352573
0.563873	5.868402
0.790463	5.968077
4.431262	2.249027
0.814732	5.971805
0.748421	5.905264
-1.416143	3.465907
-3.439977	3.018980
-3.068517	13.441736
-1.428706	3.482855
-3.585481	2.644173
-3.654472	2.682247
-5.639053	-6.684339
-5.585632	-6.636479
0.415955	5.963600
-5.173466	-6.970410
-5.312295	-6.525105
0.782536	5.953319
0.814309	5.960814
4.427960	2.215004
4.440526	2.171116
4.415160	2.222790
1.815589	4.753405
-1.289182	2.887455
2.647545	5.190040
1.913943	4.642232
1.975813	4.598109
2.672617	5.215160
2.670190	5.190747
2.595261	5.192886
2.630689	5.210185
2.601773	5.193281
2.612627	5.179695
2.637681	5.208895
2.370831	5.208403
2.476663	5.201389
2.642834	5.225004
2.618766	5.194680
2.678257	5.229260
1.916232	4.736682
-0.905042	-5.296218
-4.752094	-6.668980
-4.808286	-6.630882
-4.543065	-6.435822
-4.999074	-6.783788
-4.879333	-6.979274
-4.248558	-6.235484
-4.928231	-6.776877
-1.834472	-0.508824
4.241026	2.106809
4.215137	2.083649
-4.245775	-6.251648
3.901545	2.315642
0.323370	0.498994
-1.034118	-2.296533
-5.115473	-6.541459
-5.067081	-6.905303
-4.991911	-6.822784
-5.264333	-7.001165
-5.113439	-6.930940
-5.156572	-6.987184
-5.213447	-7.054657
-1.598898	3.947530
0.315912	5.903344
-1.952014	-5.910078
-2.010856	-5.934969
-1.988981	-5.925061
-2.018562	-5.953779
-2.001226	-5.928936
-2.011576	-5.956186
-1.849249	-0.512450
-2.317910	-0.082609
-3.081447	13.428868
-1.913615	-0.082937
-1.974766	-0.158262
-1.575488	3.926675
-2.729796	-3.671349
0.327020	5.862672
0.281536	5.785942
0.246147	5.750084
-0.405608	-5.271288
15.794706	1.871347
15.777663	1.888562
15.810196	1.851700
15.823248	1.837737
-3.208108	2.340734
0.365680	5.948916
-3.064007	13.446937
4.306350	2.175288
-1.454636	3.905876
15.797152	1.870445
15.790390	1.876223
15.787074	1.876379
15.858851	1.802084
-2.996970	2.897653
-1.421228	3.454715
-0.512783	-5.336909
-1.393718	3.404447
0.328676	4.505481
0.318584	5.968071
4.126440	-0.662276
-0.991044	3.129164
4.410800	2.251360
15.795798	1.869766
15.772820	1.893568
15.820939	1.840441
15.812056	1.849363
-3.442719	2.591988
-3.071879	13.437879
-6.570523	-7.033612
-6.512647	-6.997718
-4.620782	-6.444267
-6.589528	-7.053457
-4.319906	-6.278688
-4.300182	-6.268150
-4.208954	-6.180101
-4.315712	-6.287556
-4.245122	-6.268887
-4.628574	-6.488246
1.994643	-1.734796
-4.585383	-6.468846
15.791404	1.873740
15.728026	1.938733
15.812210	1.850178
15.840656	1.820680
-1.423311	3.463996
-3.814501	2.521859
-3.747670	2.654496
-3.843344	2.553139
-3.769710	2.635046
1.660740	4.723163
1.785887	4.662523
1.761271	4.753346
1.949648	4.916657
1.976199	4.905200
1.874458	4.883666
1.888209	4.932356
1.688626	4.661193
1.775925	4.679233
1.831228	4.613111
1.661704	4.499525
1.704864	4.450013
1.824727	4.515699
1.759740	4.442949
1.719947	4.480907
1.614194	5.126534
1.790131	4.910380
1.211818	5.837473
-5.038691	-6.883428
-4.864660	-6.979078
-5.136770	-6.986048
-1.851758	-0.531152
4.275210	2.098903
-4.363958	-6.344919
-4.734389	-6.491857
0.360723	0.489784
-5.180958	-7.004409
-1.605119	3.939999
-3.284826	2.686374
-2.718309	4.580202
-3.340972	2.682239
-1.615038	3.961825
0.712382	5.699091
0.647455	5.664411
-0.520913	-5.375946
-1.973044	-1.998638
-1.246119	3.310205
-0.996511	3.100805
-0.897376	3.018966
-1.147379	3.183042
-0.998281	3.012090
-1.443173	3.916856
-4.872438	-6.947860
-5.644233	-6.669810
-5.600681	-6.652667
-5.635879	-6.714677
-5.615346	-6.654881
-6.470666	-6.971919
-1.123617	3.204337
-1.171888	3.263812
0.327803	4.554976
-4.236150	-6.164615
-4.430000	-6.229453
-4.264642	-6.238190
-4.281347	-6.258419
-4.573345	-6.445390
-3.858643	2.534922
0.343458	4.566441
-3.752294	2.657446
-3.754183	2.648816
-3.580594	2.919177
-3.586053	2.905467
0.340031	4.491405
-3.600511	2.899136
-3.604404	2.908389
4.445391	2.173365
4.461377	2.220486
4.400370	2.254754
4.473708	2.264492
4.350787	2.227727
-3.884541	2.559183
-3.896808	2.537575
-3.906550	2.490825
-3.858807	2.530333
-3.830089	2.562641
-3.819109	2.593763
-3.741570	2.666601
4.386083	2.233119
-0.550314	-5.371992
-5.182065	-7.041239
-5.237411	-7.260117
-5.210305	-7.163460
-1.848366	-0.469644
0.321571	0.492480
-4.904355	-6.536829
-5.193468	-7.006528
-5.309215	-7.099913
-5.266036	-7.048661
-5.270501	-7.033318
-5.139368	-6.945443
-5.213062	-6.975973
-5.212983	-7.025777
-5.228128	-7.057508
-5.214879	-7.018079
-1.604269	3.932519
-1.825036	-0.405905
-3.246028	2.704604
-1.810223	-0.483121
-1.582493	3.934810
-1.277986	2.805400
3.904871	-3.163050
-2.765606	-3.532264
3.897079	-3.161444
3.856078	-3.141666
4.272852	-3.352180
-2.516952	-3.456190
-2.768076	-3.529476
-2.742588	-3.531671
3.909175	-3.155539
3.863928	-3.157630
4.239759	-3.328837
3.923914	-3.168751
-2.521253	-3.460553
3.794585	-3.142869
-2.508677	-3.464294
3.901380	-3.167478
-2.769258	-3.522044
-2.777277	-3.532530
3.879483	-3.148876
3.791595	-3.122659
4.253777	-3.341213
-2.479428	-3.457022
-3.886352	2.517326
-3.729925	2.693172
-3.750027	2.673017
4.213684	2.097238
4.303400	2.160371
-2.777867	-3.529729
-2.778229	-3.528892
3.899193	-3.148836
3.830953	-3.133432
4.272139	-3.344553
-2.499592	-3.443474
3.780293	-3.099761
-2.507483	-3.465120
4.469222	2.184866
1.803184	5.204771
1.802408	5.227154
1.797242	5.203499
1.805475	5.230531
-2.764049	-3.534201
-2.780378	-3.539413
3.889882	-3.145365
4.270052	-3.343931
-2.777379	-3.534258
-2.791640	-3.520919
3.921713	-3.167694
3.835728	-3.119911
4.269588	-3.344308
-2.471421	-3.444817
0.342569	4.595161
-2.803635	-3.526599
-2.803733	-3.534895
3.907580	-3.148020
4.286985	-3.354325
-3.899963	2.497168
-3.765620	2.644442
-3.881645	2.485446
-2.799225	-3.528463
-2.825633	-3.536123
3.930643	-3.158901
4.284710	-3.346262
4.393462	2.246763
4.438573	2.162690
-2.767773	-3.539649
-2.766221	-3.526074
3.916691	-3.140738
4.293255	-3.357820
-5.277608	-7.358758
-5.172741	-7.045483
-5.105447	-6.968895
-5.211902	-7.011538
-4.958581	-6.999177
-5.261111	-7.092639
-4.999978	-6.991143
-5.222440	-7.086974
-5.218607	-7.015931
-5.227899	-7.386433
-5.231603	-7.392803
-5.330622	-7.476780
-4.285072	-6.257555
-1.841898	-0.442173
0.302207	5.888660
7.140692	-0.988213
4.386947	2.192198
-3.071448	13.436058
0.299386	5.845620
0.314304	5.870351
0.331835	5.881329
0.321469	5.862705
4.134772	-0.683945
-3.068167	13.445663
-3.070701	13.439567
-6.595931	-7.056549
-6.529281	-7.007221
-4.506507	-6.458441
-4.374197	-6.318445
-6.597145	-7.053252
-4.281814	-6.327220
-4.348358	-6.393446
-4.514791	-6.442606
-4.625163	-6.467721
-4.095906	2.259277
-3.936982	2.451444
-4.035126	2.337694
-4.063610	2.315266
-3.731548	2.674868
-3.779522	2.638697
-4.106801	2.250389
-4.103160	2.245087
-3.993573	2.398415
-3.987704	2.405799
-3.837758	2.506314
-4.050789	2.325211
4.244937	2.130890
-3.593692	2.922164
-3.731335	2.681522
-3.577564	2.944597
-3.570876	2.956911
-3.561737	2.980526
-1.334882	-4.891415
-1.809205	-0.474370
-5.261736	-7.034067
-1.572944	3.908145
-1.448222	3.909231
-3.895068	2.622129
-3.941697	2.478486
-3.984761	2.416475
-6.437717	-6.940133
-5.198544	-7.013073
-4.239721	-6.207533
-4.409701	-6.259675
-4.287838	-6.265186
-4.256251	-6.208424
-4.276541	-6.144374
-4.418925	-6.218668
-4.619165	-6.378560
-3.523585	2.990948
-5.299943	-7.389813
-5.291468	-7.373173
-5.260488	-7.061459
-5.299165	-7.408784
-5.320193	-7.480259
-5.316362	-7.475719
-5.307379	-7.451498
-1.857372	-0.470217
-1.911871	-0.228180
-1.405198	3.521684
-3.068317	13.444926
4.409514	2.243084
0.366915	4.522503
0.365995	4.537393
-1.851441	-0.465379
-4.968424	-6.552953
-5.317864	-6.987329
-5.593964	-6.669478
-5.568294	-6.650409
-5.309145	-7.053200
-5.322211	-6.882601
-5.275576	-7.005733
-1.404450	3.490568
-5.122765	-6.500530
0.419439	5.963041
0.750669	5.947545
0.574027	5.886803
-1.924558	0.000660
-1.847628	-0.475107
-1.441994	3.866445
-1.395706	3.610580
-1.945696	-0.100874
-1.943563	-0.112407
-1.562369	3.891072
0.351676	4.580622
1.302140	-2.845243
1.287138	-2.808826
1.712649	-2.108278
4.394664	2.211205
-4.753636	-5.430143
-1.389069	-3.390964
-1.385932	-3.382513
-1.424328	-4.166658
-1.337935	-4.319023
-1.298427	-4.393800
-1.333017	-4.441107
-1.402615	-4.275845
-1.436866	-3.554477
-1.350261	-3.387422
-1.330747	-4.345134
-1.349800	-3.524510
-1.392341	-3.647211
-1.644606	-4.009354
-1.760427	-4.215105
-1.715474	-4.234672
-1.455557	-3.673344
-1.668042	-4.368909
-1.412596	-3.456189
-1.837442	-3.380564
-1.396344	-3.417834
-1.542732	-4.020198
-1.414947	-3.424797
-1.422778	-3.381201
-1.575206	-4.248412
-1.274696	-4.609558
-1.583682	-4.286999
-1.363865	-3.450633
-1.622829	-4.210149
-1.574894	-3.244927
-1.603164	-3.338687
-1.666749	-4.270060
-1.652181	-4.185680
-1.671670	-4.341000
-1.635246	-4.349371
-1.663601	-4.302606
-1.703942	-4.175538
-1.689053	-4.253763
-1.719885	-4.183357
-1.701836	-4.242526
-1.706279	-4.293165
-1.651687	-4.242050
-1.674888	-4.329452
-1.689885	-4.349699
-1.662790	-4.332965
-1.457655	-3.348212
-1.406757	-3.000120
-1.498283	-3.328536
-1.377014	-2.962454
-1.500593	-3.393662
-1.386383	-2.976041
-1.518391	-3.295672
-1.363641	-2.976025
-1.608095	-4.285857
-1.365843	-3.397102
-1.433145	-3.466839
-1.464678	-3.453892
-1.376881	-3.438350
0.355267	4.565422
0.334960	4.547290
0.330696	4.559106
-0.560697	-5.374117
3.049705	-3.111765
3.073204	-3.094158
-5.204753	-6.482423
-5.312930	-7.043416
-5.335111	-7.484623
-5.330852	-7.489629
-5.357759	-7.535604
-5.333331	-7.489375
-4.199183	-6.231102
0.789008	5.954315
-1.846474	-0.454480
0.352161	5.942982
2.330444	-3.095877
1.350951	-2.991165
1.683469	-2.164262
1.846879	-2.097385
2.241486	-3.128350
2.940306	-3.128711
2.572010	-3.702928
0.325230	4.587166
0.314517	4.532042
-1.864682	-0.454657
-1.297187	-4.593553
-1.227116	-4.658352
-1.233350	-4.654492
-1.273865	-4.619311
-1.251925	-4.638751
0.134576	0.234152
0.187885	0.172376
1.958514	-1.891885
-6.420703	3.773307
-6.333285	3.748226
-6.177768	3.640685
-6.170446	3.580129
-6.310767	3.662907
-6.182303	3.583465
0.273768	-4.098596
0.877514	-4.046966
4.094885	-0.577050
4.105063	-0.728618
-0.258569	-6.449671
-0.302264	-6.420404
3.972462	1.756399
3.908786	1.742630
-2.124473	-2.323116
-2.932266	3.630066
-2.995168	3.652347
0.478901	1.730840
0.460297	1.767325
0.481746	1.739633
0.517487	1.708394
0.490123	1.736466
4.648186	-0.468322
1.629085	3.309408
-2.115862	1.420000
1.985629	-1.515671
0.508505	-2.790986
-3.409230	2.660100
-0.809513	2.751145
-3.651580	2.714038
-0.140643	2.999178
-1.116774	-4.529302
-0.988808	-5.651130
-6.501757	3.701378
-6.575567	3.722542
-6.422842	3.634580
-6.562761	3.706271
-6.425971	3.798652
-6.429589	3.620228
-6.567346	3.732464
-6.523753	3.760996
-6.489421	3.689869
-6.435794	3.752078
-6.718154	3.651089
-5.070878	-6.829277
-6.709685	3.677502
-6.734274	3.662274
-6.688017	3.687095
-6.757711	3.660123
-6.720601	3.661782
-6.535219	3.750436
-6.496355	3.676484
-6.449059	3.774533
-6.344826	3.808851
-6.469777	3.705714
-6.290442	3.655528
-6.447696	3.756801
-6.398278	3.638158
-6.541753	3.756022
-6.240632	3.580078
-6.250803	3.565816
-6.761770	3.654739
-6.600085	3.723498
-6.707895	3.667849
-6.577757	3.665308
-6.582400	3.660300
-6.706978	3.643292
-6.584411	3.649733
-6.583390	3.672661
-6.527957	3.739682
-6.663551	3.682302
-6.503582	3.648686
-6.664116	3.704738
-6.475988	3.651240
-6.543494	3.712210
-6.443544	3.630266
-6.657163	3.702516
-6.469670	3.683108
-6.449390	3.686764
-1.434684	-3.819877
-1.458944	-3.856714
-6.564783	3.713743
-6.465694	3.661349
1.077048	2.320419
1.428676	3.882039
1.682097	-3.965780
1.664594	-3.880881
1.665143	-3.901509
1.410917	-4.034920
1.116132	-4.165750
1.495936	-4.059149
-2.055152	-2.254115
-1.998290	-2.239051
-2.096316	-2.285889
-2.062306	-2.291745
-1.894350	-1.950500
-2.057801	-2.266953
-1.918677	-2.120554
-2.000407	-2.229504
-1.860131	-1.952989
-2.034332	-2.164481
-2.072780	-2.205139
1.810015	-4.452191
1.791732	-4.556295
1.775392	-4.542175
1.840279	-4.512099
1.852772	-4.485068
2.463322	2.685100
-2.435819	-0.727826
-2.484715	-0.591520
1.521463	2.250443
-2.934405	3.615052
-0.164557	-4.159769
-0.292561	-4.373278
3.872338	1.765833
4.035915	1.938391
3.927649	1.800002
1.791190	0.916763
1.553125	1.054469
2.030368	-1.285766
1.791909	1.005811
-2.915050	1.184682
-2.965601	1.126699
-0.298192	1.673275
-0.328885	1.771262
3.556398	1.855552
-0.398957	0.819255
-0.413683	0.824203
-0.337101	1.329471
-0.439319	0.375754
-1.114080	-4.222476
4.264593	1.292326
4.278112	1.292586
4.270031	1.291271
4.264227	1.283220
4.201431	1.357899
4.203925	1.354721
-2.351225	-0.525786
-2.208496	-0.401337
-2.292218	-0.613741
-0.574680	-1.114440
-4.179787	-6.139786
-1.895550	-2.853214
-1.910262	-2.382131
-1.905789	-2.676336
0.210502	-1.743632
4.016711	1.650244
3.969552	1.625506
3.917581	1.708064
1.683628	-3.938656
-0.150748	-6.551596
2.971339	1.234097
2.960434	1.242702
-1.534561	0.291645
-1.685910	0.204754
-0.408403	-0.242726
1.435379	4.787065
1.429242	4.807674
1.393440	4.728425
1.285009	5.000078
1.305762	5.004279
1.231628	5.024655
1.169694	5.064920
-0.177871	3.072177
3.423604	-2.646134
3.301050	-2.509522
-2.005679	-2.709490
-1.281969	-3.538762
-2.037241	-2.721689
3.013851	2.309284
-2.055636	-3.050925
-2.053944	-2.999595
-2.039880	-3.146308
-2.078429	-3.031010
-2.042214	-3.056027
-2.049321	-3.057614
-2.082113	-2.995946
-2.051439	-3.268121
4.124128	2.065197
-1.931484	-2.749684
-1.977881	-2.662789
-1.952149	-2.652298
1.057418	-0.295985
-1.879882	-2.708177
-1.541318	-3.346113
0.910731	5.861504
1.517739	-3.679449
1.480440	-3.645905
0.002370	-4.005868
1.482614	-3.655196
1.434646	-3.640364
1.375861	-3.572751
0.560878	-3.277355
3.939484	1.599170
1.404536	-3.560728
1.818554	1.331946
1.866536	1.325279
-0.440232	1.471132
-0.455199	1.713463
-0.347677	1.551097
2.041859	0.556158
1.863274	0.448765
0.873862	0.347342
1.275409	-4.533540
0.244596	0.221878
6.736716	-1.908531
6.731982	-1.935186
6.744554	-1.904952
6.754582	-1.912568
7.198564	-1.064793
6.744504	-1.921120
6.738971	-1.929811
6.743968	-1.937305
6.736618	-1.921321
6.569797	-1.217769
6.740647	-1.929861
1.133370	4.984661
-0.143892	-6.667265
-0.125151	-6.676859
-0.141719	-6.684361
-0.104986	-6.713720
-0.119463	-6.702205
-0.143601	-6.705807
-0.090779	-6.746432
-0.136449	-6.720999
-0.095937	-6.715429
-0.143405	-6.749340
-0.082019	-6.682800
-0.074438	-6.735420
-0.115455	-6.721967
-0.094592	-6.735356
-0.085720	-6.731875
-0.127571	-6.729616
-0.069588	-6.716526
-0.059685	-6.698440
-0.082174	-6.726459
-0.107100	-6.744756
-0.145825	-6.687823
-0.140028	-6.691423
0.946470	0.400795
-6.227305	-2.884312
-6.099300	-3.183631
-6.072494	-3.200943
-6.118938	-3.207652
-6.095605	-3.206526
-6.129880	-3.207760
-6.122814	-3.200643
-6.123632	-3.210103
-6.185595	-3.179678
-6.226929	-2.830431
-6.188878	-2.963006
-6.298992	-2.973156
-6.266590	-2.957669
-6.088738	-3.210672
-6.144268	-3.042873
-6.084695	-3.186363
-6.100264	-3.168975
-6.240861	-2.851180
-6.177064	-6.900402
-6.233172	-6.917462
-6.179742	-6.899907
-6.262006	-6.925444
-6.174748	-6.890660
2.472792	-3.750276
0.932562	0.452034
1.246951	5.000360
2.585030	-4.206074
1.044735	4.910626
5.682126	-0.870679
-1.184004	-4.196211
-1.122655	-4.218273
0.863063	5.207576
1.730425	4.122880
1.384156	-4.787950
1.319798	-4.759501
0.838331	1.175182
-0.214508	4.134839
-0.210772	4.136474
-0.193207	4.090973
-0.178144	4.084258
-0.212591	4.146045
-0.205314	4.119089
-0.964721	-2.195183
1.829754	3.060912
1.827672	3.051743
1.815413	3.056292
1.819343	3.065698
1.836331	3.073726
-0.224324	-0.341623
0.200161	1.396710
-1.006629	-2.160011
0.228866	1.916070
1.438280	-1.663636
1.446306	-1.761977
1.421432	-1.744090
1.459751	-1.775433
1.447088	-1.711962
1.431856	-1.655663
1.467850	-1.759059
0.233545	1.942383
1.447490	-1.551419
1.443171	-1.594097
0.204299	1.714524
1.122801	2.339005
2.452913	-3.786735
-1.818515	-3.495383
2.488946	-3.734306
0.064852	-3.989238
-1.654194	-4.451942
0.799007	-3.235837
2.503770	-3.759308
2.515055	-3.748035
2.474690	-3.768073
0.619461	-3.243443
2.056648	-2.075376
2.499447	-3.763853
2.528934	-3.664159
2.478713	-3.767220
2.499080	-3.770317
4.437773	2.154655
-0.964222	-4.118427
2.557436	-3.814087
2.393754	-3.649721
-3.735748	4.013002
-3.700406	3.889345
-3.751860	3.908405
-3.664125	3.855519
2.867547	-2.359400
0.904311	0.500560
0.913988	0.451860
2.829539	5.062506
2.816927	5.107939
0.961553	0.447912
0.913574	0.431288
-1.559401	1.924810
-1.434471	1.939560
-1.570070	1.942381
-1.326924	1.914421
2.212634	0.517346
1.179743	2.283469
-1.081961	3.143303
-1.081541	3.111620
-1.018646	3.117409
-1.074405	3.128233
-1.032942	3.135997
-1.166572	3.246261
-0.053330	2.861562
-0.074483	2.805479
-0.035727	2.865988
-0.024759	2.928146
0.209636	2.331280
0.110898	2.520159
0.204146	2.344580
0.176626	2.359898
0.236264	2.334601
0.153390	2.392251
-1.183267	3.254374
-1.241562	3.296711
-0.192909	2.572309
-0.703828	3.073265
-0.648283	3.075567
-0.861244	3.035901
-1.284018	3.362583
-1.331810	3.370830
-1.184520	3.303108
-1.226525	3.326527
-1.168334	3.262686
-2.763184	-5.882192
-3.015769	4.423480
-2.911627	4.551698
-3.018744	4.430385
-2.905983	4.571303
-2.986604	4.496751
-2.917672	4.549383
-3.027633	4.501373
-2.946556	4.543970
-2.994258	4.485529
-2.938960	4.546229
-3.027440	4.207483
-3.043862	4.224774
-3.031542	4.206579
-3.040317	4.192432
-3.049213	4.217045
-2.146221	-2.270514
-2.141377	-2.295957
-2.175769	-2.335965
-2.161167	-2.321963
-2.160738	-2.315394
-2.136009	-2.366276
-0.427224	0.117300
-1.247180	-0.152852
2.011453	-1.393538
2.961551	2.329867
2.911256	2.380365
2.853636	2.523534
2.807003	2.534707
2.837368	2.529597
2.917788	2.365701
2.892580	2.389533
3.069787	2.315584
2.803593	2.560925
2.765342	2.656964
2.869513	2.518822
3.252075	2.324672
3.244380	2.303459
-5.369768	-5.890154
-5.315020	-5.896971
-5.361881	-5.840727
-5.385393	-5.849642
-5.375576	-5.964709
-5.397084	-5.964691
-5.394026	-5.915323
-5.422218	-5.911759
-0.601383	-1.389141
-0.462253	1.428980
5.652118	-0.842908
-0.224508	-0.111250
-0.261221	-0.065015
0.248197	-1.642854
-0.115769	-0.230321
-0.202895	-0.458910
-0.155389	-0.467717
-0.123522	-0.120848
-1.254431	1.505935
-2.016301	1.521257
-1.460406	1.624115
0.203379	0.263927
1.616212	4.267056
2.661573	3.473321
2.653590	3.489340
2.652856	3.476191
1.503016	4.676953
1.425536	4.755364
0.237148	1.871593
0.244950	2.072877
1.869211	4.051450
1.897336	3.783156
1.921622	3.712685
1.588719	4.723789
1.904295	3.724119
1.921020	3.686058
-2.743777	3.339330
-2.813250	3.343836
0.046673	0.240875
1.770743	-3.867528
-0.589939	-0.715421
3.344029	-3.077392
3.289982	-3.046246
-4.303278	-6.315216
0.137917	2.360953
0.214399	2.287240
0.191447	2.315018
1.732481	4.089414
1.303854	3.885330
6.658319	-0.871742
6.637531	-0.867771
6.639813	-0.853098
6.712270	-0.875608
6.718106	-0.869475
6.644319	-0.869060
1.694052	4.321335
1.667963	4.288241
1.681032	4.312416
1.635766	4.351604
-1.941669	1.943969
-1.965703	1.937327
-1.829377	1.894516
-1.825993	1.867020
-1.776520	1.852790
-1.811940	1.857136
-1.815245	1.869427
-1.811684	1.893786
-1.796758	1.858078
-1.790674	1.849019
-1.818605	1.876200
-1.766157	1.848687
-0.648373	-0.113315
-0.416778	-4.731588
-1.123747	1.405426
-1.026066	2.602374
-0.958976	2.562378
1.241284	3.857639
1.200463	3.841434
1.121437	3.842141
3.554573	-0.618061
2.183628	1.167268
1.387331	1.103750
1.419171	1.110542
1.463333	1.131253
1.318681	1.049524
1.395128	1.123217
1.403957	1.118357
1.365995	1.140574
1.391199	1.148476
1.244767	1.180477
2.723445	3.450388
2.727156	3.447805
2.732331	3.451686
-2.389993	-0.855308
1.289880	2.880719
1.328787	2.952333
-1.804245	-5.802097
-1.938071	-3.725439
-1.910468	-3.734307
-1.945961	-3.706915
-1.934528	-3.748379
-1.656712	-5.749128
-5.106199	-5.603591
-0.406879	-5.236201
-0.398350	-5.278396
-0.389995	-5.283530
0.285198	-4.032782
-0.827617	-4.684466
1.303060	-2.791354
1.331893	-2.763088
1.264846	-2.827390
1.369225	-3.912241
1.560913	-3.836843
2.399866	-0.796608
-0.091280	1.177896
-0.206445	1.260288
-0.298799	-3.845190
-0.202335	-4.084195
0.437369	-0.579255
1.398656	-4.132720
1.391520	-2.694069
1.335401	-2.754434
1.431381	-4.094175
1.481165	-4.100919
1.173723	-2.818170
1.494895	-4.106585
1.524353	-4.114333
1.260918	-3.976993
1.494960	-4.074556
-0.105289	-6.715202
2.352617	4.684490
0.389745	-0.811276
-0.812443	0.586190
-1.569746	3.862791
-1.540521	3.830196
-6.339305	-2.681679
2.390551	-0.809898
-0.087466	1.217769
-3.699105	4.101307
-2.118459	-2.180627
-4.102254	3.938983
-3.008489	3.715991
-4.095800	3.974772
-3.741949	3.985179
-4.141768	3.942643
-4.127875	3.964046
-4.122600	3.965157
-3.293761	3.636059
-3.557120	4.126141
-4.096431	3.946280
-4.135820	3.983762
-4.126586	3.935302
-4.138046	3.987779
-3.962864	3.829725
-3.961072	3.824840
-3.969348	3.850225
2.109434	0.721117
2.121618	0.750057
2.144610	0.774702
2.113098	0.741042
2.104226	0.714899
2.113985	0.748988
2.128458	0.749251
2.103843	0.746427
1.693194	3.333133
1.762466	3.474816
1.729956	3.419827
-2.285590	-0.847055
-2.249115	-0.830192
-2.258606	-0.859221
-2.330722	-0.872280
-2.407960	-0.846832
-2.374190	-0.899765
-2.516011	-0.879143
1.486914	-4.157228
3.654968	-0.628068
1.436218	-4.081806
0.996745	0.234089
0.893820	0.262186
1.420884	-4.018043
1.369644	-2.728783
1.398958	-2.678683
1.451101	-4.126401
4.051621	-0.711903
1.405140	-4.141266
1.444659	-4.126421
1.412148	-4.175696
1.449223	-4.192122
1.463517	-4.213169
1.464903	-4.281356
1.464814	-4.095778
1.405955	-4.064333
-0.522704	-0.239643
-1.668885	-0.634837
-1.636520	0.080316
-1.184505	-2.433190
-1.210588	-2.515356
3.999233	1.880481
3.275705	1.344879
3.265183	1.323749
4.201516	2.049540
4.199855	2.031768
4.250319	2.114758
4.282932	1.283603
4.270907	1.288168
3.278640	1.331674
4.279893	1.287945
4.268981	1.269777
4.189584	1.411790
4.223124	1.344893
3.893298	2.332920
3.979534	2.144469
4.186015	2.145226
4.286162	2.262296
4.249625	2.000046
3.744890	2.356534
3.693203	1.561982
2.431855	4.561178
2.389817	4.489637
1.227942	2.426516
4.275193	2.288328
-1.133199	-2.405683
-1.238335	-2.506744
-1.328438	-2.660895
-1.225888	-2.512955
-2.654866	3.309130
2.534734	2.693057
0.827692	-3.084378
0.469476	6.019176
0.555990	6.009582
0.594027	6.037510
1.101124	-0.351319
1.045780	-0.303359
1.043278	-0.325987
1.081869	-0.325344
1.052607	-0.291773
1.037235	-0.327376
1.027399	-0.300406
-3.046546	4.224894
1.938304	3.608383
1.937381	3.639064
1.930951	3.677403
1.951560	3.635104
0.612256	-0.515815
2.032583	-1.359919
2.070837	-0.817314
2.099337	-0.815787
2.047083	-0.823914
0.284458	0.479121
1.383196	3.861684
2.690407	0.758763
2.631957	3.468483
2.395990	3.427915
-3.491114	1.010305
1.217109	2.250076
1.203911	2.318723
1.218736	2.274017
1.161360	2.282429
1.173255	2.270878
1.205936	2.261567
1.203285	2.309328
-3.690208	4.155805
-2.113191	-2.171400
-2.985654	3.760124
3.291840	-3.026414
3.300756	-3.023349
3.296017	-3.013677
3.270747	-2.998254
3.288191	-3.019156
3.316537	-3.017219
3.299819	-3.016357
3.290163	-3.024342
3.298477	-3.026187
0.874118	5.671506
1.279809	2.498192
-0.768179	1.322790
-1.194030	1.466400
-1.148873	3.064524
-3.020487	4.140883
-6.265134	3.571483
-6.087884	3.556218
-6.042576	3.526774
-6.117353	3.535554
-6.169808	3.542703
-6.155685	3.550798
-6.191927	3.571595
-0.417814	-5.280453
-0.412785	-5.292970
-0.411553	-5.291291
-0.463717	-4.730839
-0.388409	-5.357827
-0.443422	-5.297457
-0.345025	-5.191697
-0.380035	-5.235245
-0.395047	-5.282896
-0.541127	-5.385874
0.293609	0.490667
-0.304216	0.368013
-0.413335	-5.288103
-3.707589	4.142748
-2.118912	-2.190548
-2.987658	3.706577
1.317178	5.119908
0.346077	-2.492876
-1.708776	1.032290
0.080357	2.416766
0.215041	2.303359
0.564949	-0.495665
1.986086	-3.933372
2.062590	-3.893319
2.068212	-3.855319
2.055004	-3.924674
2.155127	-3.834716
2.247904	-3.708602
2.274504	-3.798832
2.251308	-3.951469
1.839935	-3.893335
1.867283	-3.875296
2.204258	-3.618542
1.940533	-3.847623
1.946538	-3.841591
2.109804	-3.857695
2.094734	-3.910718
2.102179	-3.873223
2.118457	-3.869645
2.142262	-3.837901
2.317774	-3.765839
2.277788	-3.947905
1.925168	-3.863629
1.962331	-3.866919
2.203800	-3.667362
2.066150	-3.830821
2.008501	-3.789164
1.966435	1.185779
2.023549	1.204957
-1.805556	-4.362167
-1.801459	-4.353650
-1.793552	-4.352849
-1.816228	-4.369771
3.546338	1.465333
-1.469653	-0.111401
1.973471	-1.797843
2.082666	-1.924665
2.080313	-1.902372
1.953205	-1.770744
1.952893	-1.725983
1.903610	-1.614558
-0.561402	-5.416999
-0.526217	-5.411027
-0.582057	-5.439035
-0.179500	-6.660506
-0.686890	-5.454837
-0.400308	-4.745657
-0.545662	-5.420201
-0.110615	-6.666950
-1.079602	3.032837
2.180162	1.149755
-0.385805	0.515622
2.029318	1.111870
1.587927	4.226796
2.107979	-0.399405
0.932045	0.446167
-1.983655	-1.985825
-1.241582	2.311431
-1.246121	2.360767
-1.424147	2.172397
-1.016676	2.224242
-0.831124	2.155204
-0.384763	1.233119
-0.378212	1.303973
-1.197018	2.239962
-1.233830	2.344838
-1.239058	2.364741
-4.566050	-6.462464
-1.263666	2.322738
-1.393837	2.240480
-1.331261	2.246121
-3.916060	3.862944
-1.305928	2.786769
-1.292023	2.809858
-1.285888	2.793343
-1.288878	2.788810
-1.336959	2.728801
4.365303	2.320108
4.447658	2.302483
3.955871	2.397543
3.954666	2.224119
3.814321	2.478559
3.891435	2.309028
4.316378	2.294196
2.586435	2.797566
2.640856	2.714319
2.715831	3.410124
1.719274	4.234287
2.715267	3.428288
2.729343	3.413415
4.346211	2.341471
4.346931	2.259387
1.919767	-4.321776
-3.312875	12.857119
-3.215357	12.943297
6.774763	-0.808822
6.732617	-0.886371
6.755582	-0.833497
6.747725	-0.851721
6.722228	-0.817027
2.917908	4.377870
2.936863	4.375948
2.560425	-4.195828
2.208422	-4.188119
-1.398780	0.647563
1.943178	4.591701
1.975684	4.539146
1.858917	4.492894
1.881185	4.575975
1.954258	4.564172
1.751207	4.491415
1.679547	4.622231
1.748608	4.566931
2.088792	-0.813962
2.517761	-4.224793
2.754477	-4.493784
2.585605	-4.216869
0.075535	-3.987770
2.763527	-4.451051
-1.403790	-3.841176
2.603671	-4.277918
2.064423	-2.045473
2.659651	-4.177985
3.435247	1.409543
3.444247	1.386642
2.632808	-4.260298
2.066629	-2.044325
2.563297	-4.236044
2.743813	-4.465254
2.766668	-4.480271
2.620064	-4.287124
2.750986	-4.456946
2.636424	-4.217987
2.752108	-4.437079
2.758666	-4.480935
2.235642	-4.189759
0.025061	-3.822029
0.024848	-3.789504
0.152151	-3.927214
-0.279167	2.656851
-0.341258	2.677281
0.234009	3.118069
3.433531	-2.641797
3.302681	-2.525212
-0.852529	0.237628
-1.200814	-2.520775
-0.963140	0.257304
-2.423299	-3.514198
2.857990	-2.360410
-0.457327	-4.739378
-0.425306	-4.848574
2.843720	-2.352071
-2.855432	3.403421
1.389564	3.920534
-0.016616	2.215421
2.871367	-2.340816
-5.351017	-5.801255
-5.376429	-5.825100
-5.364855	-5.808083
-5.365688	-5.800584
-5.145626	-5.781146
-5.197191	-5.790602
4.036448	-0.747732
4.041213	-0.761793
4.054528	-0.774419
4.055861	-0.751139
4.029279	-0.783898
4.039700	-0.749370
4.038562	-0.773731
4.030474	-0.810293
4.074026	-0.730358
-0.599252	-0.687549
-0.017789	2.176003
4.163693	-0.660542
-1.197203	-2.523772
4.237787	-0.581128
0.588461	-3.511928
0.554197	-3.284798
1.803829	-4.530885
1.472105	-4.260321
1.677912	-4.489136
1.962204	4.629416
2.328574	-4.069131
2.435218	-4.029161
2.483740	-4.094547
-3.694709	4.130064
-3.012336	3.717019
-4.464984	0.255907
2.243344	-3.425661
2.258589	-3.489952
0.066704	-4.104828
3.609275	-0.687099
-0.659646	-3.658551
2.251249	-3.255461
2.258953	-3.411458
2.270617	-3.469513
4.016076	-0.799358
2.268047	-3.459434
4.434605	2.154428
2.237761	-3.247622
-3.720181	4.091869
-4.138863	3.985508
-4.134285	3.995716
-2.136800	-2.265696
-3.354107	3.554977
6.552519	-1.174898
0.891030	0.559718
-2.643624	2.840047
-2.978699	2.988387
-3.066050	3.432420
6.658114	-0.980977
6.789768	-1.010427
6.795652	-1.035983
-2.674914	3.199914
3.518176	1.426870
-0.287415	1.014019
3.850606	1.648531
2.758601	-4.554535
2.774090	-4.487040
2.770230	-4.585764
2.755198	-4.561033
-4.157149	3.988363
-2.074082	-2.150701
0.282860	-1.735404
-3.363679	3.580198
0.168787	-0.361593
-4.260612	0.302257
-4.249581	0.393039
-4.375188	0.254210
-4.375077	0.271991
-4.296629	0.367619
-4.330576	0.328782
-4.260956	0.332106
-1.267538	-3.502596
-1.200795	-4.137331
-0.278253	-3.197777
0.712136	-3.985907
-1.161756	2.370655
-0.190675	4.104599
-0.201765	4.091502
-0.217491	4.127213
-0.221213	4.119086
-0.058263	3.765594
-0.028773	3.808419
-0.068564	3.873844
-0.052803	3.843070
-0.185212	4.094828
-0.196263	4.101604
-0.177292	4.085864
-0.166739	4.077158
-0.052914	3.799091
-0.103587	3.867870
-0.104672	3.901595
-0.066747	3.887695
-0.889370	-5.564069
-0.865621	-5.569926
-0.914657	-5.583201
-1.166056	-5.088571
-0.313385	2.568549
-0.260563	2.604341
2.554787	1.150977
1.493963	1.127665
4.065511	2.224633
2.797844	5.148445
1.302329	-4.302343
1.346402	-4.347365
-1.653125	1.728153
1.941449	0.863821
-0.949260	3.219625
-1.966985	-1.030638
4.260372	2.008001
2.841304	-2.381525
-1.423252	1.716906
-1.428111	1.729100
-1.524563	1.757514
-1.681011	1.821462
-1.426502	1.756693
-1.400332	1.713065
-1.278821	1.728279
-1.681475	1.823832
-1.348425	1.702599
-1.303032	1.736509
-1.464179	0.825557
3.307767	-0.550050
1.541989	5.194625
-0.646002	1.103358
-3.307379	3.216814
2.407515	4.620060
2.725658	3.463699
2.742721	3.436941
2.856351	-2.366437
5.676048	-0.845379
2.448512	4.386516
2.461877	4.398330
-6.708172	-2.281188
1.549238	-4.012238
0.584995	4.485133
2.003089	-1.946503
0.914195	4.703379
4.471769	2.237643
4.413184	2.229004
0.596828	4.415810
-6.073838	3.513265
0.623479	1.355319
-0.761845	0.917449
-0.091627	1.158856
-1.178690	-3.549758
2.610909	-4.234198
1.349027	1.207072
0.062348	1.347528
-0.612526	1.820769
-0.615604	1.105325
2.721112	5.069025
-1.382670	-1.326026
-0.893222	2.639375
-6.261207	-2.747013
-6.279118	-2.764023
-6.705472	-2.782594
-6.763565	-2.842040
-6.949580	-2.939678
-6.932442	-2.917184
1.960622	4.795011
0.859259	5.230158
-0.099017	3.616436
-0.111553	3.583049
-0.098586	3.622551
-5.436636	1.490407
-5.428041	1.480718
-5.435938	1.481681
-5.423373	1.500949
-5.430346	1.465931
-5.436830	1.483413
-5.444505	1.476963
-5.427384	1.484953
-5.387734	1.519696
-5.444761	1.480627
-5.443091	1.481087
-5.455172	1.491119
-5.440193	1.471487
-3.653186	1.081889
-0.773133	2.930329
-1.079401	3.077556
-1.026759	3.074495
-1.026205	3.072254
-1.035352	3.105720
-0.622950	2.899181
-0.800423	2.998374
-0.817670	2.961033
0.008831	2.133711
-3.939572	0.686059
-2.323986	-0.875365
-1.591309	-0.019750
-0.903560	-5.733387
-0.900088	-5.768799
-1.577316	0.004190
-0.990557	-5.665312
-0.964984	-5.629256
-0.945949	-5.654266
-1.032100	-5.674520
-1.047841	-5.684636
-1.003240	-5.614183
-1.024240	-5.666211
-1.106424	-5.702689
-1.129538	-5.719865
-1.213720	-5.740063
-1.081615	-5.638377
-1.177772	-5.697020
-1.138177	-5.683718
-1.035770	-5.686092
-0.981804	-5.653886
-0.971776	-5.675321
-0.922703	-5.704019
-1.016960	-5.682062
-0.952843	-5.666618
-0.974061	-5.663593
-0.962151	-5.680890
-0.974447	-5.653732
-1.113976	-5.716143
-0.880830	-5.712835
-1.535152	0.012765
-0.647049	-0.903498
-1.123292	-5.016709
1.260460	-4.461377
0.354389	-3.670289
-1.196114	-5.236338
1.254477	-4.789807
0.010722	-0.382425
0.851720	-3.960102
-0.849019	-5.641463
-0.564013	-0.258442
-1.666640	-0.644465
0.434099	-0.852933
-0.276439	-4.366797
-1.440578	-5.651094
-0.654890	-0.896506
-0.575001	-1.092474
-3.626885	2.750572
-4.421030	1.484784
-4.401535	1.436639
-3.105614	2.970775
1.593325	-3.840722
-0.083190	2.064692
-0.158856	-6.617818
-0.793121	-0.837783
0.750282	1.143983
-1.866902	-1.900918
-1.938995	-1.973568
2.229530	-0.639380
3.922222	1.602326
3.736333	1.471623
3.930954	1.638524
3.921253	1.673015
3.927329	1.690621
-1.986396	-2.795902
5.645945	-0.828451
0.832209	5.311607
0.251493	2.086597
1.370442	-1.435565
-0.046067	2.949156
-3.035779	4.173389
1.942591	-1.085889
-0.168917	-0.403372
1.362677	3.909749
-0.295104	-0.436950
5.678040	-0.838007
5.731220	-0.819212
0.217941	1.944621
-2.242104	-0.825853
-2.275751	-0.795612
-1.176828	-0.018251
-1.943831	-0.723775
-0.325619	-0.565690
2.136309	-0.815118
1.913787	-1.655664
1.976129	1.034068
1.566843	4.223393
1.621348	4.262283
-1.078521	-0.074952
-3.002468	4.482761
-3.059897	3.559090
-3.037987	3.707598
-0.072725	0.801012
1.363618	1.189083
1.374419	1.139010
-1.050950	-4.053971
3.807579	-3.024823
3.781452	-3.022024
3.785530	-2.997791
-1.438722	0.796717
-1.458478	0.782606
0.542901	-0.944503
0.503959	-0.941977
-0.950562	-2.098733
-0.967551	-2.063194
2.095807	1.144448
2.061033	1.177392
3.136905	-2.381884
4.073786	-0.516137
4.027077	-0.610636
4.091511	-0.556702
1.045533	1.269657
2.186127	-1.082025
-0.345387	-2.150215
-0.264365	-2.146455
0.170010	-1.795682
-1.958533	-5.849491
-1.951452	-5.865786
-0.751693	1.606374
1.340364	3.873204
-1.588920	-1.462859
2.387842	-0.822370
2.439940	-0.767875
2.411955	-0.821706
-1.139834	0.570850
3.328541	1.369301
3.327018	1.372127
5.852563	-0.939705
5.850257	-0.936387
5.850994	-0.940815
-4.267319	1.886732
-4.314349	1.801146
1.077170	1.153459
1.315677	1.177833
-0.993543	-0.351448
7.150420	-1.007026
-0.144188	-3.646389
-0.195250	-3.583793
-0.180577	-3.673854
-0.285754	-3.618515
-0.219496	-3.723327
-0.326136	-3.912277
-0.576653	-3.601176
-0.296253	-4.073852
-0.209595	-4.175850
-0.181288	-4.091255
-0.169404	-4.110088
-0.303615	-4.060004
-0.271003	-4.398056
-0.229345	-4.346204
-2.770563	4.592628
-1.340813	-4.342889
-1.403469	-4.353264
-1.869000	-0.062358
3.936326	1.592911
-3.028794	4.116147
-1.771009	-1.676623
-1.254960	-0.344190
2.226927	-0.954617
1.045305	5.643527
1.325935	3.910259
5.735723	-0.887990
0.919407	0.461558
-1.941241	-1.053928
2.612235	-3.966141
4.273091	2.085244
-1.955138	-1.041347
-0.562234	1.654329
-0.633544	1.819259
-0.621385	1.757791
-0.640667	1.804039
-0.648073	1.772732
3.220253	-3.073349
-4.270700	-6.293630
3.199457	-3.057062
-0.120460	-3.645267
1.824802	3.058256
0.953038	1.147452
-0.682605	-0.870659
-0.329562	-3.027022
-0.300813	-3.161484
-0.300180	-3.146256
-0.310460	-3.044564
-0.298768	-3.190342
-0.592239	-1.001093
-0.620901	-0.930712
-0.355040	-3.303743
2.953902	2.308213
-0.600876	-0.917542
-0.658473	-0.843840
-0.623568	-0.879562
-0.637625	-0.914285
-0.568990	-1.111378
-0.597804	-1.090251
1.398343	-4.753335
0.405929	-3.771249
1.396961	-4.789292
1.378299	-4.916568
1.371173	-4.927332
1.384672	-4.684176
1.348598	-4.673569
1.356414	-4.727799
4.038655	-0.750669
0.819545	-3.326155
1.373031	-4.735187
1.555904	-4.757412
1.440556	-4.725429
1.552897	-4.829182
1.542384	-4.813569
1.339598	-2.776307
1.372982	-4.944390
1.410033	-2.684277
-0.691883	-0.395066
1.379363	-4.928286
-0.177965	3.097322
-0.118856	3.444353
-3.567353	2.735767
-3.454125	2.969361
-3.131803	3.362677
-3.216616	3.218827
-3.515893	2.928632
-3.633173	2.774533
-1.126896	0.838182
1.745644	3.180474
1.790101	3.082041
-4.348849	-6.349337
-0.225344	0.270904
0.038535	1.479872
-0.885378	-0.638426
-1.912374	-5.881357
-0.186819	0.079528
-4.373916	1.697615
-4.386654	1.648220
-4.402999	1.695401
-4.406983	1.611211
-4.404010	1.650032
-0.270522	0.371447
-1.944428	-0.443419
-1.965666	-0.381765
-3.576437	2.934178
-3.540147	2.968993
-0.651541	2.622626
-0.654814	2.585350
-0.439573	2.628293
-0.348270	2.816629
-5.933211	-2.969897
-2.321179	-3.363787
-2.231617	-3.326091
-2.298620	-3.327942
-2.277487	-3.312989
0.697401	-0.428312
0.758554	-0.398472
0.913974	-0.545722
7.023692	-0.976814
6.954239	-0.943166
0.604824	-0.630487
0.600010	-0.670066
4.174905	-0.667037
4.097356	-0.640590
4.111619	-0.660246
-0.963958	0.161791
0.945437	0.167014
-0.899803	-2.039335
-0.949073	-2.084265
0.273179	3.858801
0.269121	3.845407
-1.266724	1.644258
-0.463756	-5.323874
-5.223878	-5.829701
-5.237979	-5.864851
-3.070039	2.888095
-0.012155	2.421488
1.730223	4.344773
1.712480	4.370077
1.762408	4.302247
2.043143	1.183583
2.066153	1.189550
2.041057	1.154931
-0.384256	1.858892
-0.369218	1.807971
-0.582878	1.582287
-0.628563	1.817360
-0.640640	1.766682
-0.660971	1.799667
-0.632057	1.770048
-1.964985	-1.065813
-0.646235	0.587418
1.390932	-3.525593
3.959596	-0.021858
4.082342	1.883705
3.575936	1.818593
3.548345	1.837086
3.537674	1.876023
-0.476776	0.504224
-5.251023	-7.380239
-5.231213	-7.418224
-0.790564	2.421064
-5.242664	-7.448359
-2.360577	1.284776
-1.558237	-1.153015
-0.416541	1.280176
-2.110238	1.406117
-0.704257	1.337542
-0.399799	1.331859
-5.223894	-7.400261
0.414922	1.797841
0.457107	1.798712
0.429155	1.801534
-2.011848	-2.140951
-1.952205	-2.072648
-2.248271	0.424334
-1.643935	-4.558866
-2.974692	3.613272
-2.954620	3.492437
-2.968774	3.634586
-2.976333	3.647286
-1.677842	-4.828048
-5.086608	-6.676518
-5.144540	-6.805608
-2.955353	3.577694
-1.809870	0.376251
0.446597	5.994378
1.869173	-1.992698
0.532360	6.048437
2.103451	-1.279090
2.011203	-1.490541
2.012657	-1.557521
2.012948	-1.586377
1.968748	-1.880708
1.991117	-1.750940
2.013079	-1.963993
1.839049	-1.822150
1.883424	-1.910217
2.200388	-2.054016
2.246784	-2.057400
2.107081	-1.973683
2.161954	-2.029351
2.215589	-2.082691
2.198478	-2.063607
2.208715	-2.031204
2.212517	-2.016236
2.177169	-2.062708
2.170001	-2.017548
2.063090	-2.043617
2.050515	-1.880623
2.051735	-1.904458
2.036811	-1.843746
2.070469	-1.835135
1.988924	-1.828609
2.078067	-2.030582
1.988543	-1.785993
2.054830	-1.817832
1.965911	-1.723585
2.007302	-1.576910
1.988719	-1.669503
2.241549	-2.125493
2.179159	-2.099199
2.361192	5.967941
2.012176	-1.733262
1.992657	-1.635342
2.228839	-2.115653
2.141684	-2.079481
-0.044405	2.823850
-2.351318	-0.731806
-0.341641	0.553330
0.677421	-3.971338
0.696180	-3.951323
0.693132	-3.950458
0.698409	-3.957641
-0.083032	-3.627145
-1.415621	-3.821201
-0.152502	0.628436
0.376270	-4.076975
1.322219	-2.780327
1.362179	-2.734205
0.710633	-3.948945
-0.821456	-5.645952
0.515576	-3.972775
0.690424	-3.969902
0.691671	-3.956163
0.673414	-3.979639
0.364064	-4.019821
0.421342	-4.052678
7.209293	-1.036795
7.199928	-1.031900
7.094090	-1.156459
7.177015	-1.053247
7.201219	-1.048160
7.229105	-1.049675
7.233185	-1.029734
7.277994	-1.010394
7.226381	-1.051669
7.263229	-1.012377
7.244474	-1.022494
7.274368	-1.025008
7.287298	-0.969969
7.232390	-1.032895
7.290083	-1.040426
7.270410	-1.042320
7.237992	-1.021767
7.187489	-1.065661
7.173276	-1.086296
7.071432	-1.172708
7.161760	-1.103895
7.168024	-1.089555
7.014123	-1.177607
7.066363	-1.180342
7.221587	-1.049922
7.285812	-0.992475
7.272641	-0.998010
7.221917	-1.033476
7.206392	-1.076924
7.207887	-1.061447
-2.764802	-0.724800
-2.441465	-0.789428
7.262997	-0.995941
0.523767	4.420570
-4.064568	0.650419
-4.102921	0.623374
-4.105839	0.621672
-4.078787	0.673541
-4.090758	0.668090
-4.129903	0.595671
-4.126786	0.598144
-4.087253	0.629101
-4.095467	0.626724
-4.111573	0.612573
-4.159231	0.567017
-4.145779	0.605023
2.224664	-0.688572
-0.480708	1.399280
-0.128398	3.068847
-0.084671	3.074343
3.400723	-2.606279
3.292352	-2.519617
2.346196	5.941080
2.339132	5.941006
0.121162	3.155178
2.338909	5.936396
1.977610	-3.829851
1.984142	-3.837533
1.909876	-3.629248
-0.438825	-4.770016
-0.346898	-0.019270
-0.344462	-0.025277
-0.351837	-0.026461
0.873707	1.090574
0.634708	-3.649178
1.254674	-3.006332
0.721256	-3.871093
0.718107	-3.889365
1.137462	-2.992494
0.398597	-3.516322
0.424981	-3.544566
0.403654	-3.541498
0.269674	0.574807
0.403235	0.563276
0.154250	0.596434
-0.301978	1.020448
1.930745	0.897353
0.256593	-1.682474
0.264043	-1.688519
0.355848	-3.987094
0.377933	-4.138149
0.268355	-4.271270
-1.538236	-4.592961
-0.141662	-6.371728
2.477343	1.448514
2.179910	1.116802
2.445600	1.471325
-3.713102	0.682496
-0.916480	2.027954
-0.746149	2.114353
-3.890359	0.704431
-3.935754	0.669721
-3.967951	0.666038
-3.973750	0.632335
-3.935181	0.655156
-3.918881	0.653563
-3.950522	0.666989
-3.947573	0.640915
-0.710449	2.082919
1.766625	-4.086457
1.766842	-4.144066
0.085474	-4.009511
1.764186	-4.089698
-3.696752	4.063824
2.761388	-4.558147
-0.099558	-0.849750
-1.606345	-4.898063
1.019637	6.047370
1.038559	6.039158
1.275107	4.690746
2.324463	4.468024
2.374757	4.279109
1.182779	5.082486
1.225035	5.133195
1.322526	5.145777
1.205099	5.050703
1.241629	5.132830
1.218409	5.050125
1.191632	5.120157
1.203355	5.126675
1.238009	5.083799
1.214317	5.129371
1.196584	5.051857
1.190481	5.161399
1.213172	5.201313
2.636248	5.192166
2.400930	4.269525
2.426029	4.474086
1.179128	5.188079
1.617338	4.721897
1.161066	5.683030
1.091813	5.745307
1.216660	5.189312
2.296656	5.828782
1.290431	5.137417
1.337506	5.155104
1.404767	4.945147
1.559221	4.932054
1.481686	4.824838
1.463713	4.892670
1.572064	4.814857
1.469935	4.737371
1.503435	4.802144
1.488440	4.734388
1.485033	4.717383
1.478996	4.740237
1.516806	4.698664
1.476984	4.775732
2.000427	5.067103
2.035692	5.089547
1.521124	5.254299
1.192372	5.767137
2.205051	5.754806
1.153187	5.874335
1.620298	4.992151
1.213532	5.657778
1.114839	5.927104
1.166470	5.882099
1.150489	5.901617
2.233689	5.379234
1.210386	5.803628
1.345396	5.568735
1.177934	5.804102
1.498280	5.186195
1.217083	5.819498
1.233330	5.834710
2.102025	5.011691
1.168396	5.830437
1.724568	4.739191
1.735342	4.812994
1.839441	4.911089
1.953280	5.016722
1.075872	6.001741
1.738586	5.431173
1.062804	6.007727
1.094878	5.959590
1.177641	5.884199
1.163331	5.886529
2.207273	4.973579
2.063616	5.017211
1.743832	4.670285
1.677636	5.093038
2.013710	5.029194
1.915261	5.007551
1.028080	6.029000
2.145763	4.966353
2.040026	5.021756
1.619135	5.262172
1.018093	5.978978
0.970849	6.035936
1.027823	6.064396
1.799110	5.406765
1.892992	5.508687
1.172987	5.837281
2.155617	5.111175
1.990568	5.233418
2.254284	5.348349
1.899221	5.524442
1.015629	6.078823
1.603181	5.228039
1.916088	5.199854
1.887484	5.314723
1.607485	5.555577
1.927798	5.141893
1.963048	5.200124
1.111416	4.926883
2.377046	5.517511
2.113687	5.091190
2.382940	5.493670
2.073980	-0.793419
0.888708	6.018098
0.879309	6.049365
2.073793	5.120554
2.337028	5.482643
2.469136	5.010345
2.360818	5.237263
2.463021	5.081567
1.961121	4.827238
2.460399	5.005794
2.360756	5.095333
2.452993	4.526371
1.172688	5.729197
2.121061	5.329880
1.352427	5.709858
2.661532	5.140122
2.429265	4.517461
2.440396	4.496443
2.528199	2.729673
2.753952	-4.557220
-3.043054	4.204025
-1.905452	-1.017578
1.453182	4.806716
1.443851	4.830519
1.437012	4.838168
-0.164786	1.255426
2.519702	4.643938
-1.270546	3.369263
-3.040793	4.176222
0.128526	2.469825
0.130488	2.398208
0.175043	2.297767
0.165528	2.320569
-1.587379	1.745176
0.001982	4.015788
0.127712	3.775011
0.580834	3.867819
2.324285	4.186438
2.214319	4.298578
2.316966	4.199116
2.340043	4.229463
2.381967	4.287868
2.315113	4.190446
2.340803	4.215188
2.304539	4.188941
2.339704	4.213054
2.327253	4.228820
2.296058	4.182146
2.421035	4.233852
2.470823	4.261267
2.424167	4.200431
2.441141	4.265123
2.413470	4.223363
0.977283	2.235413
-0.472770	1.591875
-2.174513	-0.786282
0.050974	1.159975
5.891135	-1.029736
5.947046	-1.052129
5.902391	-1.025317
5.911037	-1.035927
1.623089	3.281656
1.851715	3.589585
0.040850	2.220783
0.129159	2.209044
-1.129474	0.137605
-2.523884	-0.687263
-2.675989	-0.668081
-2.659681	-0.761684
-2.917371	-0.950041
-2.722378	-0.740802
-2.772318	-0.714171
-2.914523	-0.877720
-2.918889	-0.883634
3.898454	1.638522
6.316528	-1.121652
-0.676166	1.139482
-2.975907	3.587680
-3.045623	3.040584
-3.178237	3.303603
-2.975756	3.587527
5.572088	-0.809325
3.057856	1.262513
3.053109	1.268514
3.045287	1.266680
2.389044	-0.810292
-4.059773	3.998152
-3.708614	3.845967
-2.090604	-2.152460
-3.514899	3.681576
2.059831	-4.243489
1.274905	2.861245
1.334523	2.935734
-1.994789	-5.931355
-1.992387	-5.939041
-1.230387	0.304579
1.431226	1.084863
1.417623	1.129289
1.440111	1.131330
-0.286197	-3.994619
-1.925519	-0.294568
2.019218	-1.822272
-4.069447	0.600774
2.052907	-1.839464
2.367854	-0.817700
2.374059	-0.820278
2.515908	2.705052
2.354942	-0.827865
-0.219733	3.202375
1.817344	-4.527044
2.747531	-4.572360
0.033259	-6.466525
0.069574	-6.402062
-3.698690	4.170631
-3.011619	3.764902
-2.188919	-3.335337
-3.684822	5.525506
-3.654195	5.512555
-3.679225	5.510631
-3.682310	5.518971
-3.673794	5.505234
-3.684468	5.519786
-3.678469	5.517385
-3.664506	5.502977
-3.659266	5.494230
-3.691743	5.527493
-3.714628	5.523581
-3.710272	5.552048
-3.690341	5.532649
-3.678513	5.519751
-3.698594	5.541347
-3.692469	5.497741
-0.157652	-6.625960
2.441137	-4.278043
0.202778	2.006598
4.114083	-0.675750
4.065251	-0.698753
4.093662	-0.668597
4.068823	-0.694886
4.072173	-0.533188
4.085504	-0.556546
-0.311358	1.265336
3.954770	1.827249
1.160701	2.352997
3.910991	1.882290
3.837290	1.917485
-0.480248	1.590281
-2.927671	-0.987226
-2.942110	-0.964915
-0.255270	2.889372
2.759651	5.056233
-0.287437	1.292638
-0.162892	2.876615
-0.160514	2.947534
-4.359260	0.388082
-4.314174	0.417071
3.949697	1.757916
1.958075	3.634592
1.930175	3.642733
-2.587372	4.467089
-2.733537	4.565289
-0.128331	2.968476
4.298197	2.081542
4.276807	2.068893
-3.051748	2.930916
3.892298	1.712385
4.239244	2.048843
4.254864	2.069735
3.784611	1.770234
3.795150	1.809378
4.271886	1.988378
3.845814	1.695882
3.637090	1.532294
3.727988	1.572747
4.003365	2.416362
4.383000	2.297775
-0.214224	4.118870
-1.343119	-0.139271
-0.708635	2.395988
-0.623923	-0.081631
3.784181	1.879277
3.881806	1.845823
1.696876	3.068731
1.625840	4.234450
1.652408	3.280807
-4.404924	-6.218422
0.060151	2.902198
-0.630635	2.995057
-1.510035	0.515586
-0.231164	0.048495
2.554247	4.623322
2.458179	4.433297
2.397185	4.407057
2.466122	4.512920
2.670706	4.541213
2.887773	4.412639
2.681148	4.549445
2.861911	4.415064
2.531732	4.586843
2.731046	3.469159
2.574713	4.657045
2.168374	4.819240
2.129399	4.831128
2.687077	4.939124
2.447925	4.437508
2.662534	4.512268
2.878471	4.384545
2.683028	4.498715
2.866208	4.398586
2.736219	3.495772
2.537663	4.585331
2.878066	-2.359942
2.607408	4.620536
2.592779	4.557181
2.693213	5.041787
1.835774	3.928639
-0.627138	1.491910
1.089838	2.349782
1.052250	2.287268
1.116330	2.217011
1.076493	2.346475
1.158357	2.156539
1.134327	2.350956
1.192328	2.412150
1.934818	-1.673706
-0.137834	2.952285
-2.779943	1.295348
4.429033	2.278480
2.615148	4.637237
-4.514511	-6.428907
-4.335330	-6.309100
-0.652289	2.469943
-0.705769	2.544820
4.460552	2.219318
-6.975342	-2.914100
-1.612398	-4.284751
-5.204826	-7.448070
-5.470868	1.488732
-5.466819	1.496490
1.932918	-1.571271
1.814473	1.268418
1.850789	1.301907
-0.775173	2.685619
4.460818	2.326231
-3.782932	4.312148
6.185630	-1.072292
6.191041	-1.078412
6.154586	-1.059923
6.199462	-1.071868
6.113020	-1.028402
6.133586	-1.051947
6.144194	-1.051583
5.924636	-0.962040
-0.196646	-6.528538
0.823078	-0.303565
1.035735	-0.285079
0.866640	-0.268240
0.837043	-0.254187
0.855996	-0.209664
0.914543	0.336607
1.030063	-0.292920
0.878523	-0.213039
0.909371	-0.240546
0.653097	-0.353189
-1.821612	-4.357303
-1.798056	-4.370565
-0.084158	-3.393705
-1.811995	-4.399206
-1.812884	-4.398102
-0.027507	-3.579539
-0.078496	-3.344677
0.005985	-3.527290
-0.088758	3.608726
2.040339	-4.307203
2.038609	-4.262273
0.945076	-3.031241
0.513637	-3.421745
1.992382	-4.306986
2.035364	-2.025967
1.997344	-4.313249
-0.558659	1.472224
-4.375358	1.755389
-4.355006	1.781167
-4.367480	1.760266
-0.239839	-6.464369
-1.498059	3.683026
-4.183188	3.908524
2.301483	-4.136069
2.338078	-3.290521
-1.998597	1.967078
-1.989811	1.947584
-2.021159	1.965825
-2.010251	1.933286
-2.008673	1.963804
-2.038589	2.006178
-2.006340	1.967407
-1.985859	1.957861
2.190061	0.871457
2.104193	-4.210803
-3.991480	1.267200
-4.022760	0.865886
-0.256074	0.817233
-3.663655	1.133244
-3.784823	3.917362
-3.426018	3.635049
-4.143999	3.961863
1.343795	1.206699
1.285053	1.209840
1.285096	1.193194
-3.543020	2.697908
3.395056	1.833656
2.029442	-4.025955
1.987012	-4.048836
1.866532	-3.987433
0.013344	-4.012660
1.908493	-4.038030
-0.018471	3.673369
0.017930	3.828852
-0.069629	3.638788
-0.055990	3.834985
-0.077332	3.814419
0.004267	3.825697
-0.020215	3.791453
-0.069315	3.892224
-0.077588	3.891282
-0.069154	3.868767
-0.042713	3.708137
-0.081725	3.654256
-0.058709	3.708092
2.751978	3.431367
1.857485	-2.291739
1.946450	-2.226838
1.912664	-2.264511
1.914361	-2.259350
1.971580	-1.911132
-1.720894	-4.384853
-1.587552	-4.432453
-1.682879	-4.423230
-1.694171	-4.554411
3.264966	-3.048827
-4.225779	-6.246005
0.931328	0.473056
-3.809640	0.696745
-0.393379	-5.211003
-0.539254	-5.277201
-3.025468	4.207556
-3.012098	4.166143
-1.009314	0.051630
1.406091	-4.583008
3.255472	-3.053709
4.140411	-0.637984
4.153852	-0.652878
1.380717	-4.644339
1.254421	-4.628431
0.168697	-3.590112
2.423227	4.520034
-1.403572	-3.837579
1.307312	-4.718575
1.094061	-4.677577
1.851687	-2.055942
1.366023	-4.634875
4.052730	-0.804570
1.329726	-4.733252
0.908374	-3.995832
1.361155	-4.964442
1.327685	-4.903657
1.324695	-4.890644
1.475313	-4.608266
1.417976	-4.810644
1.362196	-4.979954
-2.542304	-0.508165
-2.693533	-0.511440
-2.676853	-0.518749
6.606189	-1.180577
6.512776	-1.192579
6.522521	-1.213275
6.525284	-1.197288
6.537704	-1.216793
6.550266	-1.189305
6.526340	-1.212503
6.564438	-1.203290
6.495658	-1.170431
-2.649089	-0.593076
-2.606979	-0.558276
-2.686989	-0.616157
-2.678124	-0.623910
-2.662483	-0.584403
-1.926054	-3.644921
-2.677219	-0.851441
-2.845349	-0.807382
-2.921114	-0.960323
-2.921116	-0.916794
-2.941562	-0.962011
-2.927595	-0.919325
-2.959656	-0.917022
-3.095364	-1.098358
-3.099945	-1.102185
-3.107444	-1.114722
-3.112994	-1.112766
-3.097019	-1.109518
-3.103612	-1.108118
-2.944673	-0.926344
-2.970829	-0.952801
-2.971684	-0.943747
-2.986457	-0.941590
-2.840368	-0.813071
-3.073688	-1.055666
-3.051639	-1.042869
-3.092049	-1.070159
-3.111710	-1.101384
-3.085847	-1.096370
-3.106400	-1.110249
-2.935458	-0.892206
-3.034834	-1.042295
-3.096962	-1.098048
-3.052815	-1.051224
-3.064376	-1.060468
-3.091882	-1.100590
-3.043777	-1.063676
-3.096779	-1.100728
-2.205369	-0.234255
-2.153980	-0.150607
-2.657386	-0.537519
-2.665751	-0.595721
-2.793678	-0.885155
1.809126	-4.164102
-3.742693	0.674699
1.648574	-4.489540
1.628908	-4.446954
1.405422	-4.662190
0.616081	-2.932344
1.373036	-4.559235
1.630307	-4.553601
1.382126	-4.956627
1.364326	-4.956615
1.489963	-4.677068
1.387589	-4.939438
1.380972	-4.958962
1.361433	-4.593447
4.174284	-0.608184
4.183205	-0.612326
4.163111	-0.637934
4.174151	-0.704076
4.146438	-0.680296
-0.167228	-4.145493
-2.541614	3.491302
-2.525285	3.488077
-2.523516	3.499446
-2.528034	3.497873
-2.542623	3.494449
-2.590883	3.479887
-1.250023	3.372851
-4.294370	1.875621
-4.313904	1.851256
-0.496416	0.518080
-1.451159	-1.190830
-3.649610	0.945845
-0.177511	-6.585156
-2.009475	-2.690998
0.612558	1.498821
0.621094	1.429395
0.570789	1.535252
0.587424	1.501904
0.613932	1.482969
0.635551	1.446148
0.317416	2.017482
0.583375	1.524588
1.950340	-1.115778
1.392067	3.902093
-0.265406	-6.422319
-1.889844	-2.003123
-0.213327	-6.509441
-2.081513	-2.130436
-1.805434	-1.661009
-0.182699	-3.703288
-0.186722	-3.781700
-0.122664	-3.794376
-0.028381	-3.818497
-0.085536	-3.834973
-6.735159	-2.844590
2.409594	-0.790473
-6.721980	-2.292950
-6.706347	-2.271667
-6.754507	-2.232607
-6.701250	-2.341812
-6.736735	-2.297639
-0.258406	-4.048864
-0.282189	-4.067776
-0.434315	-3.993190
-0.540493	-3.703205
-1.032388	-3.559274
-1.155009	-3.549367
-1.855003	-3.156375
-1.163322	-3.523954
-1.840772	-3.662145
-1.760624	-3.190442
-1.116770	-3.541700
-0.998974	-3.560331
-0.377994	-4.108751
-0.480913	-3.605980
-0.403224	-3.740167
-0.349918	-4.087005
-0.354517	-3.513264
-0.018985	-3.547642
-0.452262	-3.606278
-1.121410	-3.588888
-0.460716	-4.137706
-0.866130	-3.654094
-0.343529	-4.355125
-6.891879	-2.921376
-6.867104	-2.884844
-6.838803	-2.876071
-6.840869	-2.874928
-0.354423	-3.763232
-0.363463	-3.787477
-0.008042	-4.120789
-0.161079	-3.981335
0.145842	-4.069477
-0.014123	-4.119238
-0.080766	-4.109975
-0.043041	-4.152708
0.009936	-4.099176
0.027395	-4.178606
-0.299051	-4.436755
-0.300375	-4.408313
-0.278398	-4.385435
2.133613	-0.253026
-0.901662	-2.199217
3.524084	1.831147
3.499794	1.891173
3.452800	1.821128
-5.445314	1.479771
-5.451731	1.457048
-5.449939	1.481637
-0.079417	1.996224
2.005014	1.465477
-0.141181	3.030099
-0.261907	2.922619
2.361952	5.969241
2.367159	5.966475
2.377378	5.984767
2.368498	5.981601
2.363723	5.967216
2.372594	5.979317
2.367703	5.971528
2.367892	5.960497
-0.291076	-3.810309
-0.265957	-4.068618
-1.833524	-3.836013
-1.809042	-3.816354
-1.787562	-3.811737
-1.909176	-3.775856
-1.881429	-3.778921
-1.824360	-3.895606
-1.825863	-3.897110
-1.851730	-3.897333
-1.852245	-3.883760
-1.866012	-3.881769
-1.829482	-3.873618
-1.886733	-3.899736
-1.896138	-3.883214
-1.762519	-4.328030
-1.798666	-4.269010
-1.536798	-4.208867
-1.511159	-4.068508
-1.002181	-4.173743
-1.824278	-4.353398
-1.813522	-4.318315
1.828605	4.860339
1.886555	4.273609
-6.277657	-2.740472
-6.249508	-2.760897
-6.203415	-2.884085
-6.264639	-2.759459
-6.268985	-2.762108
-6.314497	-2.698987
-6.962789	-3.047856
-6.941351	-3.015084
-6.753051	-3.099670
-6.940905	-2.982579
-6.876078	-3.049271
-6.916546	-3.054680
-6.964891	-2.975151
-6.944153	-2.966660
-6.212169	-2.788696
-6.136004	-2.781454
-6.675597	-2.361953
-6.732768	-2.282908
-6.688802	-2.292566
-6.625900	-2.284130
-6.662768	-2.230810
-6.820896	-2.433826
-6.667217	-2.417283
-6.697832	-2.423925
-6.590568	-2.525617
-6.729869	-2.286541
-6.310323	-2.724430
-6.381952	-2.659633
-6.268131	-2.715195
-6.257239	-2.748450
-6.354955	-2.685163
-6.444618	-2.593834
-6.403793	-2.612163
-6.767495	-2.788051
-6.726024	-2.791728
-6.731923	-2.740751
-6.488945	-2.655866
-6.530928	-2.591184
-6.530229	-2.567844
-6.532705	-2.640867
-6.623640	-2.357310
-6.961582	-2.940439
-6.988311	-2.939833
-6.962437	-2.992178
-6.965686	-2.999224
-6.982551	-2.966245
-6.962465	-2.958181
-6.945773	-2.961306
-6.948103	-2.956884
-6.896452	-3.006055
-6.944270	-2.949451
-6.945925	-2.994767
-6.928219	-2.906679
-6.914869	-2.907138
-6.938792	-2.944648
-6.865208	-2.865054
-6.900503	-2.928303
-6.917200	-2.898819
-6.739331	-2.445056
-6.726007	-2.477259
-6.603920	-2.576208
-6.723584	-2.511647
-1.454403	-3.771699
-1.572243	-3.766617
-1.551991	-3.816756
-1.319803	-3.721073
-1.385961	-3.734196
-1.360891	-3.783418
3.832890	1.889177
3.837949	1.842760
-2.001999	-2.680388
-2.063394	-2.640521
-6.833579	-2.860763
-6.848968	-2.850995
0.324615	-2.520003
0.351699	-2.621152
0.388107	-2.495392
1.898032	-1.986334
0.069115	-2.333926
-1.831226	-2.750614
0.261935	-1.815790
0.124529	-3.476410
0.225227	-3.456721
0.269608	-1.829134
0.252148	-1.877411
0.270425	-1.832492
0.334916	-2.500216
0.273752	-1.804609
0.129373	-2.429082
0.248453	-1.789683
0.263247	-1.792816
2.522417	-3.738749
4.416869	2.147630
0.257560	-2.623650
4.483053	2.144805
2.102011	0.898008
2.017741	-1.300528
-2.453652	0.411024
-4.348247	0.351199
-4.458422	0.320949
-4.437523	0.367606
-4.427284	0.326465
-4.476534	0.220642
-4.484737	0.266656
-4.477683	0.275365
-4.473306	0.279536
-4.488323	0.261965
-4.543010	0.222796
-4.513379	0.240267
-4.503703	0.248516
-4.219335	0.468180
-4.441209	0.333201
-4.413825	0.337499
-4.417587	0.332445
-4.425583	0.327090
1.002074	2.212590
1.197770	2.254216
0.974891	0.481917
-0.104049	3.599377
-0.813729	-0.807467
-2.700700	1.429081
-2.777128	1.360860
-2.778193	1.302667
-2.790687	1.297827
-2.755624	1.329805
-2.781010	1.315527
-2.746043	1.317001
-2.761587	1.328054
-2.492386	1.327792
-2.771793	1.325710
-2.817049	1.279513
0.954358	4.796876
-2.781003	1.310997
-2.782035	1.291199
-2.774124	1.304657
-2.797558	1.304389
-2.807451	1.280695
-2.834126	1.267642
-2.786682	1.305036
-2.763121	1.335940
-2.799334	1.297921
-2.759529	1.345015
-2.780464	1.319890
-2.769962	1.328631
-2.777434	1.320179
-2.764312	1.334598
-2.799877	0.656712
-2.704558	0.788612
-2.818318	0.627581
-2.836274	0.608060
-2.814484	0.566738
-2.802724	0.670172
-2.783167	0.694971
-2.777892	0.547962
-5.350242	-5.827432
-5.358411	-5.793695
-5.373843	-5.803411
-0.134506	-6.575227
-0.175500	-4.178710
-0.352499	-3.232934
-0.407030	-3.538537
-0.793333	-0.844187
-1.924650	-0.414159
4.099929	-0.502312
5.917317	-1.050980
0.276929	0.483555
-6.576769	-7.040050
-6.553784	-7.017892
-6.509752	-7.001095
-6.596969	-7.057665
-6.541745	-7.020216
-6.581371	-7.042658
-6.554485	-7.032913
-6.499528	-6.992281
1.903802	-1.918159
3.983244	1.786251
4.890482	-0.610895
1.809977	-4.547091
-0.256381	-4.405382
-3.004194	4.456640
-3.040541	4.459700
-3.012098	4.470400
-3.012281	4.489123
-2.992757	4.498234
-5.307499	-5.893857
-5.366836	-5.859126
-5.371797	-5.830998
-0.416738	-4.731517
1.427418	-4.247747
3.658821	1.546509
-0.281701	-4.376876
1.578260	4.223872
2.430348	-0.844879
1.517684	-4.727679
-5.227981	-5.876056
-5.254610	-5.892215
-4.063198	0.681970
-4.090915	0.690002
-4.083890	0.692036
-4.021860	0.752091
-4.076537	0.710593
-4.096212	0.681588
-4.081733	0.696544
-4.105792	0.668108
-4.073832	0.720521
-4.116642	0.670651
2.419999	-0.767118
2.344976	-0.834404
3.842603	1.729232
3.595335	1.503481
3.596894	1.524780
1.631801	-4.469136
-6.729422	-2.220213
-6.699814	-2.271733
-6.718155	-2.265733
-0.283263	-4.463911
